split,model,supervised,train_fraction,n_train,n_test,train_anomaly_rate,test_anomaly_rate,threshold_default,accuracy,balanced_accuracy,precision,recall,specificity,f1,f2,mcc,cohen_kappa,fpr,fnr,tn,fp,fn,tp,roc_auc,pr_auc,log_loss,threshold_tuned,precision_tuned,recall_tuned,f1_tuned,mcc_tuned,balanced_accuracy_tuned,fit_seconds,predict_seconds,signature
split_30_70,random_forest,True,0.3,524848,1224646,0.021318553181111484,0.021317997200823748,0.5,0.9944759546840475,0.8872421425105597,0.9575605601816806,0.775232696211744,0.9992515888093754,0.856804182630231,0.8059236723901755,0.8589757988428567,0.854019625046165,0.0007484111906245854,0.22476730378825602,1197642,897,5868,20239,0.9905230079566947,0.9321365754773153,0.020642147466418476,0.5765427457877155,0.9696573240074473,0.738116214042211,0.838190517616355,0.843235462330802,0.868806550751347,191.809078100021,13.568603699968662,rows=1749494|sample=None|mode=stratified_random|seed=42
split_30_70,isolation_forest,False,0.3,524848,1224646,0.021318553181111484,0.021317997200823748,0.5534452191134033,0.9588264690367665,0.5047126611592988,0.03061539649447919,0.030374995212012104,0.9790503271065856,0.0304947220673345,0.030422772960945293,0.009461737775902253,0.009461661051129333,0.020949672893414397,0.9696250047879879,1173430,25109,25314,793,0.5551069667760482,0.024907702356202606,,0.509304445916156,0.02676921916826905,0.27195771249090284,0.04874080532167215,0.019843017213724654,0.5282935827583142,7.96070100000361,28.06919690000359,rows=1749494|sample=None|mode=stratified_random|seed=42
split_30_70,decision_tree,True,0.3,524848,1224646,0.021318553181111484,0.021317997200823748,0.5,0.9868304799917691,0.9197752782277,0.6450899997092093,0.8497337878729843,0.9898167685824157,0.7334038614123248,0.7990375818523668,0.7340426220609007,0.7267820233722382,0.010183231417584242,0.15026621212701574,1186334,12205,3923,22184,0.9233240157184691,0.7926499505935722,0.09469234569651248,0.9786814468188882,0.8473856209150327,0.7945761673114491,0.8201316543776069,0.816782918510468,0.8957295194371218,13.21759239997482,0.21617349999723956,rows=1749494|sample=None|mode=stratified_random|seed=42
split_30_70,xgboost,True,0.3,524848,1224646,0.021318553181111484,0.021317997200823748,0.5,0.9927317771829574,0.9456840963963512,0.7905829899344727,0.8965411575439537,0.9948270352487487,0.8402347746486457,0.8731366668158825,0.8382636116021741,0.8365310834387891,0.005172964751251315,0.10345884245604627,1192339,6200,2701,23406,0.9889698595292229,0.9245185998355984,0.036136068403720856,0.8217219710350037,0.9404370613840277,0.8110085417704064,0.8709405400958433,0.8708192577615822,0.9049448397778299,18.337293300020974,2.5623642000136897,rows=1749494|sample=None|mode=stratified_random|seed=42
split_40_60,random_forest,True,0.4,699797,1049697,0.021317610678525344,0.021318532871866833,0.5,0.9951357391704463,0.9043617665063193,0.9554852320675106,0.8095450889266244,0.9991784440860142,0.8764816875514055,0.835054207537429,0.8771427462535938,0.8740180054922486,0.0008215559139858213,0.19045491107337564,1026475,844,4262,18116,0.9935312972942936,0.9461972122359765,0.017872995050158248,0.5723273279276708,0.9695502115341794,0.7783090535347216,0.8634673541222547,0.8662295275318277,0.8888882998213002,242.42272920004325,10.909497999993619,rows=1749494|sample=None|mode=stratified_random|seed=42
split_40_60,isolation_forest,False,0.4,699797,1049697,0.021317610678525344,0.021318532871866833,0.5515512501664386,0.9586804573129198,0.5048190433878982,0.030754101291851056,0.03074448118687997,0.9788936055889164,0.030749290486938256,0.030746404726365934,0.009639561719892779,0.009639561596760715,0.02110639441108361,0.96925551881312,1005636,21683,21690,688,0.5526076902795627,0.025116847915168057,,0.5191029432951494,0.028656971770744225,0.18562874251497005,0.04964920458484229,0.020335755235342486,0.5242855111857838,10.060290499997791,24.164025600010063,rows=1749494|sample=None|mode=stratified_random|seed=42
split_40_60,decision_tree,True,0.4,699797,1049697,0.021317610678525344,0.021318532871866833,0.5,0.9883242497596926,0.9282682412881327,0.6768590998043053,0.8655375815533113,0.990998901022954,0.7596579989802722,0.8198310307463091,0.7597568064727109,0.7537665210126562,0.009001098977046079,0.13446241844668871,1018072,9247,3009,19369,0.9314684574246815,0.8137871083668152,0.08514805659204107,0.9786823893214746,0.861160924964606,0.8154437393868978,0.837679030481087,0.8345652663594509,0.9062899872888599,19.41712739999639,0.21768190001603216,rows=1749494|sample=None|mode=stratified_random|seed=42
split_40_60,xgboost,True,0.4,699797,1049697,0.021317610678525344,0.021318532871866833,0.5,0.9925464205384983,0.9561068985937913,0.7742519032185121,0.9180445079989276,0.9941692891886551,0.8400392541707556,0.8851662271857712,0.8394332271997188,0.8362517664251699,0.005830710811344869,0.08195549200107248,1021329,5990,1834,20544,0.9922060890269881,0.9364289724470525,0.03933041915297508,0.7968239784240723,0.9263029712615685,0.849807846992582,0.8864081290202294,0.8848982190389035,0.924167540736895,27.612872400030028,2.485306499991566,rows=1749494|sample=None|mode=stratified_random|seed=42
split_50_50,random_forest,True,0.5,874747,874747,0.02131816399484651,0.02131816399484651,0.5,0.9955884387142797,0.9158870789015929,0.9546264986166615,0.8326362076362076,0.9991379501669784,0.889468106435998,0.8544746139537955,0.889387287918988,0.8872281088140457,0.0008620498330216482,0.16736379236379237,855361,738,3121,15527,0.994905602742576,0.9541768032423948,0.016088883954401483,0.5767772039821341,0.9691069574247144,0.8007293007293007,0.8769086210946676,0.8786315213407554,0.9000866451339469,539.7543516000151,12.862218800000846,rows=1749494|sample=None|mode=stratified_random|seed=42
split_50_50,isolation_forest,False,0.5,874747,874747,0.02131816399484651,0.02131816399484651,0.5547017797978183,0.9584039728058513,0.5032003421467578,0.027541018538248457,0.027724152724152726,0.9786765315693629,0.027632282202031,0.027687331305428216,0.006379971206052043,0.006379934629276773,0.02132346843063711,0.9722758472758473,837844,18255,18131,517,0.5520404164061323,0.024649605336666117,,0.5052557617070955,0.02672429774321648,0.29375804375804376,0.04899163797343827,0.020705597206633137,0.5303597875381337,21.182888699986506,45.6403593000141,rows=1749494|sample=None|mode=stratified_random|seed=42
split_50_50,decision_tree,True,0.5,874747,874747,0.02131816399484651,0.02131816399484651,0.5,0.9893797863839487,0.9371863065685275,0.6985824632883456,0.8826683826683827,0.9917042304686724,0.7799099739398246,0.838478309595126,0.7801113826683567,0.7745441286888047,0.008295769531327568,0.11733161733161733,848997,7102,2188,16460,0.9402363749598998,0.8373893982535877,0.07539307335389184,0.9786818360051536,0.8717173413964948,0.8348348348348348,0.8528775303366478,0.8499506418008244,0.9160793712335065,60.37651209998876,0.6996569999610074,rows=1749494|sample=None|mode=stratified_random|seed=42
split_50_50,xgboost,True,0.5,874747,874747,0.02131816399484651,0.02131816399484651,0.5,0.9924046610048392,0.9622586371288187,0.7642888595332452,0.9307700557700558,0.9937472184875814,0.8393539339426471,0.8919138352757394,0.8397603417638488,0.8355027338405209,0.0062527815124185405,0.06922994422994423,850746,5353,1291,17357,0.9937600677820267,0.9440499953600041,0.04042213410139084,0.8089178204536438,0.9261334103378573,0.8599313599313599,0.8918054667296944,0.8901755275891247,0.9292186869193151,36.810925400001,2.2689666000078432,rows=1749494|sample=None|mode=stratified_random|seed=42
split_60_40,random_forest,True,0.6,1049696,699798,0.021318553181111484,0.02131758021600519,0.5,0.9959831265593786,0.9244076910636769,0.9571094162954014,0.8496447244938999,0.999170657633454,0.9001811015233834,0.8691627237193993,0.8997978019517962,0.8981388233465352,0.0008293423665459642,0.1503552755061,684312,568,2243,12675,0.9963279516290894,0.9604855025301097,0.014693881909322151,0.5803872606045468,0.9696921485959749,0.8171336640300308,0.8869002146313071,0.8880243187620905,0.9082886810980665,316.5556491999887,13.06664900004398,rows=1749494|sample=None|mode=stratified_random|seed=42
split_60_40,isolation_forest,False,0.6,1049696,699798,0.021318553181111484,0.02131758021600519,0.5505081513515963,0.9586266322567369,0.5048354705250909,0.03075894349715814,0.030835232604906823,0.9788357084452751,0.03079704080607907,0.030819944524099856,0.009659231176259714,0.00965922344058201,0.021164291554724914,0.9691647673950932,670385,14495,14458,460,0.5469390426200003,0.024563477529691954,,0.5061490741830286,0.02634918600179464,0.2755731331277651,0.04809931086124794,0.018659331552085098,0.5268846567402639,19.320499300025403,17.20801790000405,rows=1749494|sample=None|mode=stratified_random|seed=42
split_60_40,decision_tree,True,0.6,1049696,699798,0.021318553181111484,0.02131758021600519,0.5,0.9903957999308372,0.9417496618081114,0.7229262986129997,0.8909371229387317,0.9925622006774909,0.7981863495781161,0.8513650281204761,0.7978692732812867,0.7933217975344043,0.007437799322509053,0.10906287706126827,679786,5094,1627,13291,0.9444858023084698,0.8488963790147432,0.06952857641367033,0.9786814468188882,0.8770113334266125,0.8403271215980694,0.8582774202382583,0.8554613786140397,0.9188801242846089,30.18697840004461,0.13308719999622554,rows=1749494|sample=None|mode=stratified_random|seed=42
split_60_40,xgboost,True,0.6,1049696,699798,0.021318553181111484,0.02131758021600519,0.5,0.9918633662856996,0.9640729466902029,0.7469744029131412,0.9350449121866202,0.9931009811937858,0.8304953560371517,0.8902177520230771,0.831853832840491,0.8263803714089989,0.006899018806214227,0.06495508781337982,680155,4725,969,13949,0.9945494789712006,0.9465502445378665,0.04231684282422066,0.8006901144981384,0.9198276471003743,0.872905215176297,0.8957523645743766,0.893861695682253,0.9356239952765026,46.900688000023365,2.7011381999473087,rows=1749494|sample=None|mode=stratified_random|seed=42
split_80_20,random_forest,True,0.8,1399595,349899,0.021318309939661117,0.02131758021600519,0.5,0.9963475174264573,0.9326265481215936,0.9585991986941683,0.8660678375117308,0.9991852587314566,0.9099873221580504,0.8831168831168831,0.9093470286700106,0.9081281541910339,0.0008147412685433945,0.1339321624882692,342161,279,999,6460,0.9979244121260077,0.9701334548859731,0.012472673969395538,0.5799263370012767,0.9716279069767442,0.8401930553693525,0.9011431447264361,0.9016216496179472,0.9198293275912293,382.6062459999812,4.149559599987697,rows=1749494|sample=None|mode=stratified_random|seed=42
split_80_20,isolation_forest,False,0.8,1399595,349899,0.021318309939661117,0.02131758021600519,0.5529711603898155,0.9583022529358473,0.5040795910217376,0.029182622474580748,0.029628636546453948,0.9785305454970213,0.029403938265034592,0.02953834638723302,0.008098885323548875,0.008098642081941665,0.021469454502978623,0.970371363453546,335088,7352,7238,221,0.5536547579910386,0.02487061698448418,,0.5130719162637544,0.0274019900185191,0.2340796353398579,0.04906079210981076,0.019876471037299434,0.5265538931284034,15.949005300004501,7.023734400048852,rows=1749494|sample=None|mode=stratified_random|seed=42
split_80_20,decision_tree,True,0.8,1399595,349899,0.021318309939661117,0.02131758021600519,0.5,0.9917519055498872,0.9529013781353719,0.7530153812105788,0.912320686419091,0.9934820698516529,0.8250484966052376,0.8752861883569573,0.8248305739609965,0.8208644617985064,0.006517930148347156,0.08767931358090897,340208,2232,654,6805,0.9553783170918908,0.8764324017625339,0.05804468811215234,0.9786816900603386,0.8932576491762425,0.864995307681995,0.878899332516006,0.876422971555658,0.9313719091849993,29.73211799998535,0.06341899995459244,rows=1749494|sample=None|mode=stratified_random|seed=42
split_80_20,xgboost,True,0.8,1399595,349899,0.021318309939661117,0.02131758021600519,0.5,0.9917004621333585,0.9699896503486669,0.7378093348647802,0.9473119721142245,0.9926673285831095,0.8295374501056586,0.8964047395529394,0.8321298126851214,0.8253514943706148,0.0073326714168905505,0.052688027885775576,339929,2511,393,7066,0.9964032098753175,0.9538519414125463,0.04575907438993454,0.8038557171821594,0.9213389121338912,0.8856415069044108,0.9031376033905256,0.9012537971167395,0.9419972515248605,36.275427800021134,0.6262250000145286,rows=1749494|sample=None|mode=stratified_random|seed=42
