split,model,supervised,train_fraction,n_train,n_test,train_anomaly_rate,test_anomaly_rate,threshold_default,accuracy,balanced_accuracy,precision,recall,specificity,f1,f2,mcc,cohen_kappa,fpr,fnr,tn,fp,fn,tp,roc_auc,pr_auc,log_loss,threshold_tuned,precision_tuned,recall_tuned,f1_tuned,mcc_tuned,balanced_accuracy_tuned,fit_seconds,predict_seconds,signature,tuned_params
split_30_70,random_forest,True,0.3,524848,1224646,0.021318553181111484,0.021317997200823748,0.5,0.9943861328089914,0.8727704750116136,0.9879732061301126,0.7457386907725897,0.9998022592506377,0.8499334250103683,0.7841928883303527,0.8558430385000493,0.84712987199976,0.00019774074936234866,0.25426130922741025,1198302,237,6638,19469,0.9895694613668322,0.9385147019185562,0.019777314401691694,0.5466666666666666,0.9910700297665674,0.7269314743172329,0.8386954216015556,0.8461681604385729,0.8633944003059983,199.08016289997613,22.549383100005798,"rows=1749494|features=60|sample=None|mode=stratified_random|seed=42|params={""class_weight"": ""balanced_subsample"", ""max_depth"": null, ""max_features"": ""sqrt"", ""min_samples_leaf"": 1}","{'min_samples_leaf': 1, 'max_features': 'sqrt', 'max_depth': None, 'class_weight': 'balanced_subsample'}"
split_30_70,isolation_forest,False,0.3,524848,1224646,0.021318553181111484,0.021317997200823748,0.600282043151099,0.9771133862356959,0.7206249370856691,0.46242028248366523,0.45271383153943384,0.9885360426319043,0.4575155808462045,0.4546223853154546,0.44585320002265333,0.4458270277027172,0.011463957368095657,0.5472861684605661,1184799,13740,14288,11819,0.7894028355290239,0.4790221471183588,,0.6775244285615227,0.906225848003435,0.40422109012908414,0.5590697181606272,0.6002652656955991,0.7016549904267706,11.568117299990263,39.70421830000123,"rows=1749494|features=60|sample=None|mode=stratified_random|seed=42|params={""feature_set"": ""contextual"", ""max_features"": 1.0, ""max_samples"": 1024, ""n_estimators"": 300}","{'n_estimators': 300, 'max_samples': 1024, 'max_features': 1.0, 'feature_set': 'contextual'}"
split_30_70,decision_tree,True,0.3,524848,1224646,0.021318553181111484,0.021317997200823748,0.5,0.9919527765574705,0.9032078026921015,0.8117231855148074,0.8105105910292258,0.9959050143549771,0.8111164350742693,0.8107528200098088,0.8070054842273588,0.807005248856059,0.004094985645022815,0.18948940897077413,1193631,4908,4947,21160,0.9032081906563083,0.6622857346117738,0.1295413602574451,0.6,0.8117231855148074,0.8105105910292258,0.8111164350742693,0.8070054842273588,0.9032078026921015,19.09987530001672,0.227437200024724,"rows=1749494|features=60|sample=None|mode=stratified_random|seed=42|params={""class_weight"": null, ""criterion"": ""entropy"", ""max_depth"": 30, ""min_samples_leaf"": 1}","{'min_samples_leaf': 1, 'max_depth': 30, 'criterion': 'entropy', 'class_weight': None}"
split_30_70,xgboost,True,0.3,524848,1224646,0.021318553181111484,0.021317997200823748,0.5,0.9958494128099059,0.9159148522202711,0.9684491978609626,0.8324204236411691,0.9994092807993732,0.8952973407213628,0.8564807516473816,0.8958558268295849,0.8931924042612078,0.0005907192006267631,0.16757957635883097,1197831,708,4375,21732,0.9900356467895425,0.9388671075992229,0.01619338057935238,0.8560145497322083,0.9907667999802499,0.7686061209637262,0.8656600517687661,0.8703450170180252,0.8842250488360176,116.7678334999946,20.956951200030744,"rows=1749494|features=60|sample=None|mode=stratified_random|seed=42|params={""colsample_bytree"": 0.8, ""learning_rate"": 0.03, ""max_depth"": 12, ""min_child_weight"": 1, ""n_estimators"": 1000, ""pos_weight_mode"": ""sqrt"", ""subsample"": 1.0}","{'subsample': 1.0, 'pos_weight_mode': 'sqrt', 'n_estimators': 1000, 'min_child_weight': 1, 'max_depth': 12, 'learning_rate': 0.03, 'colsample_bytree': 0.8}"
split_40_60,random_forest,True,0.4,699797,1049697,0.021317610678525344,0.021318532871866833,0.5,0.9952672056793532,0.8985932009420867,0.9759951881014873,0.7976137277683439,0.9995726741158296,0.8778340628534894,0.8278756957328386,0.8800849859837838,0.8754458094260572,0.0004273258841703502,0.2023862722316561,1026880,439,4529,17849,0.9926012411144085,0.9478389647913142,0.01799487962508582,0.5645483580984756,0.9837338051481079,0.7702207525248012,0.8639815534223916,0.8680919593370029,0.8849716656963544,273.9221985999611,19.339913100004196,rows=1749494|features=60|sample=None|mode=stratified_random|seed=42|params={},{}
split_40_60,isolation_forest,False,0.4,699797,1049697,0.021317610678525344,0.021318532871866833,0.5947673875287707,0.9769257223751235,0.7219098909846424,0.4585488731950879,0.45553668781839307,0.9882830941508918,0.45703781748077743,0.4561359548249107,0.4452528639239341,0.44525034031198085,0.011716905849108212,0.5444633121816069,1015282,12037,12184,10194,0.7894497745364213,0.4810998953443714,,0.6696923212096538,0.8817061611374407,0.4156761104656359,0.5649902818270165,0.6001814297211593,0.7072306489646578,14.340516199998092,34.524822299950756,"rows=1749494|features=60|sample=None|mode=stratified_random|seed=42|params={""feature_set"": ""contextual"", ""max_features"": 1.0, ""max_samples"": 1024, ""n_estimators"": 300}","{'n_estimators': 300, 'max_samples': 1024, 'max_features': 1.0, 'feature_set': 'contextual'}"
split_40_60,decision_tree,True,0.4,699797,1049697,0.021317610678525344,0.021318532871866833,0.5,0.9925035510247243,0.9033667107787231,0.8334635715927373,0.8102600768612029,0.9964733446962434,0.8216980490789205,0.8147968400334331,0.8179551572683105,0.8178701176126715,0.0035266553037566714,0.18973992313879703,1023696,3623,4246,18132,0.9033667107787232,0.679367234368284,0.12082858087819931,1.0,0.8334635715927373,0.8102600768612029,0.8216980490789205,0.8179551572683105,0.9033667107787231,25.62691910000285,0.21771609998540953,"rows=1749494|features=60|sample=None|mode=stratified_random|seed=42|params={""class_weight"": ""balanced"", ""criterion"": ""gini"", ""max_depth"": null, ""min_samples_leaf"": 1}","{'min_samples_leaf': 1, 'max_depth': None, 'criterion': 'gini', 'class_weight': 'balanced'}"
split_40_60,xgboost,True,0.4,699797,1049697,0.021317610678525344,0.021318532871866833,0.5,0.9962875001071738,0.9279434073428514,0.9653991437924956,0.8565555456251676,0.9993312690605353,0.9077261856841806,0.8763155247926705,0.9075266461295344,0.9058387263987616,0.0006687309394647621,0.14344445437483241,1026632,687,3210,19168,0.9925121135191135,0.9490967108727115,0.013929502107203007,0.7788558006286621,0.9859559700683224,0.8125391009026722,0.8908868201861833,0.8930705104292902,0.9061434941825433,136.48576259997208,17.60503710003104,"rows=1749494|features=60|sample=None|mode=stratified_random|seed=42|params={""colsample_bytree"": 0.8, ""learning_rate"": 0.03, ""max_depth"": 12, ""min_child_weight"": 1, ""n_estimators"": 1000, ""pos_weight_mode"": ""sqrt"", ""subsample"": 1.0}","{'subsample': 1.0, 'pos_weight_mode': 'sqrt', 'n_estimators': 1000, 'min_child_weight': 1, 'max_depth': 12, 'learning_rate': 0.03, 'colsample_bytree': 0.8}"
split_50_50,random_forest,True,0.5,874747,874747,0.02131816399484651,0.02131816399484651,0.5,0.995661602726274,0.9091050523814872,0.973598622536828,0.8186936936936937,0.9995164110692806,0.8894520667657083,0.8456016749194111,0.8907233163281604,0.8872563078766135,0.0004835889307194612,0.18130630630630631,855685,414,3381,15267,0.9944294795793425,0.9547177065563845,0.016345804245742817,0.5676838522679519,0.982444473999202,0.7922565422565423,0.8771596508935463,0.8800434320591207,0.8959740833532591,354.1295851999894,16.231663800019305,rows=1749494|features=60|sample=None|mode=stratified_random|seed=42|params={},{}
split_50_50,isolation_forest,False,0.5,874747,874747,0.02131816399484651,0.02131816399484651,0.5887134235282214,0.9770996642457762,0.7231042348989426,0.46250948098385525,0.4577970827970828,0.9884113870008024,0.46014121705384575,0.45873186458893067,0.4484493836521425,0.44844324708629857,0.011588612999197523,0.5422029172029172,846178,9921,10111,8537,0.7891258675043611,0.48183595947971725,,0.6792768438942449,0.9225560206845604,0.4018125268125268,0.5598057527082555,0.6040315850216258,0.7005388993514052,17.710653399990406,28.534060699981637,"rows=1749494|features=60|sample=None|mode=stratified_random|seed=42|params={""feature_set"": ""contextual"", ""max_features"": 1.0, ""max_samples"": 1024, ""n_estimators"": 300}","{'n_estimators': 300, 'max_samples': 1024, 'max_features': 1.0, 'feature_set': 'contextual'}"
split_50_50,decision_tree,True,0.5,874747,874747,0.02131816399484651,0.02131816399484651,0.5,0.9935044075601288,0.9197008632826658,0.8511917659804984,0.8426104676104677,0.9967912589548639,0.846879379109626,0.8443128573270859,0.8435725895153553,0.8435612890306932,0.003208741045136135,0.15738953238953238,853352,2747,2935,15713,0.9198040484419894,0.7216164608034599,0.10425694851809268,0.5,0.8511917659804984,0.8426104676104677,0.846879379109626,0.8435725895153553,0.9197008632826658,32.53492120001465,0.15844729996751994,"rows=1749494|features=60|sample=None|mode=stratified_random|seed=42|params={""class_weight"": null, ""criterion"": ""entropy"", ""max_depth"": 30, ""min_samples_leaf"": 1}","{'min_samples_leaf': 1, 'max_depth': 30, 'criterion': 'entropy', 'class_weight': None}"
split_50_50,xgboost,True,0.5,874747,874747,0.02131816399484651,0.02131816399484651,0.5,0.99655100274708,0.934869924414942,0.9642963226994594,0.8704418704418705,0.9992979783880135,0.9149685747301373,0.8877221766475253,0.9144602969881664,0.9132130791248018,0.0007020216119864642,0.12955812955812956,855498,601,2416,16232,0.9941170926062861,0.9560223900018503,0.012625779956579208,0.743610143661499,0.9836283185840708,0.8344594594594594,0.9029244516653128,0.9041583915790087,0.9170784621777293,153.63210200000321,16.19405520003056,"rows=1749494|features=60|sample=None|mode=stratified_random|seed=42|params={""colsample_bytree"": 0.8, ""learning_rate"": 0.03, ""max_depth"": 12, ""min_child_weight"": 1, ""n_estimators"": 1000, ""pos_weight_mode"": ""sqrt"", ""subsample"": 1.0}","{'subsample': 1.0, 'pos_weight_mode': 'sqrt', 'n_estimators': 1000, 'min_child_weight': 1, 'max_depth': 12, 'learning_rate': 0.03, 'colsample_bytree': 0.8}"
split_60_40,random_forest,True,0.6,1049696,699798,0.021318553181111484,0.02131758021600519,0.5,0.9959917004621334,0.9163138053301356,0.9752805461822177,0.8330875452473522,0.9995400654129191,0.8985936878637794,0.8581095076986812,0.8994598000330931,0.8965620246399695,0.0004599345870809485,0.16691245475264782,684565,315,2490,12428,0.9958026015194633,0.9597814265848171,0.015170838418238422,0.5583414046276722,0.9823353050806256,0.8126424453680118,0.8894676987417,0.891443778292915,0.9061620707157778,446.8354573000106,13.587174199987203,rows=1749494|features=60|sample=None|mode=stratified_random|seed=42|params={},{}
split_60_40,isolation_forest,False,0.6,1049696,699798,0.021318553181111484,0.02131758021600519,0.5963172864484283,0.9770390884226591,0.7203381812397827,0.46072940855074446,0.4522053894623944,0.9884709730171709,0.4564276048714479,0.4538848669160589,0.4447207213580396,0.44470049040480764,0.01152902698282911,0.5477946105376056,676984,7896,8172,6746,0.7876528505833837,0.4780472880988013,,0.6765032941037371,0.9207646061353476,0.40038879206327926,0.558093903293623,0.6023426942932966,0.6998191478129736,20.198576000053436,23.470299799984787,"rows=1749494|features=60|sample=None|mode=stratified_random|seed=42|params={""feature_set"": ""contextual"", ""max_features"": 1.0, ""max_samples"": 1024, ""n_estimators"": 300}","{'n_estimators': 300, 'max_samples': 1024, 'max_features': 1.0, 'feature_set': 'contextual'}"
split_60_40,decision_tree,True,0.6,1049696,699798,0.021318553181111484,0.02131758021600519,0.5,0.993389520976053,0.9133450502430458,0.8557798672566371,0.8297358895294276,0.9969542109566639,0.8425566673473556,0.834817092910327,0.839285915142279,0.8391813757137863,0.003045789043336059,0.17026411047057247,682794,2086,2540,12378,0.9133450502430457,0.7137008882324244,0.1065484325471559,1.0,0.8557798672566371,0.8297358895294276,0.8425566673473556,0.839285915142279,0.9133450502430458,39.55644470005063,0.1417308000382036,"rows=1749494|features=60|sample=None|mode=stratified_random|seed=42|params={""class_weight"": ""balanced"", ""criterion"": ""gini"", ""max_depth"": null, ""min_samples_leaf"": 1}","{'min_samples_leaf': 1, 'max_depth': None, 'criterion': 'gini', 'class_weight': 'balanced'}"
split_60_40,xgboost,True,0.6,1049696,699798,0.021318553181111484,0.02131758021600519,0.5,0.9967104793097437,0.9392709230152125,0.9632104567484212,0.8792733610403539,0.9992684849900713,0.9193299691617606,0.8948696957292945,0.9186483578153208,0.9176545332082428,0.0007315150099287466,0.12072663895964607,684379,501,1801,13117,0.9954766600479459,0.9611798903725807,0.01161483395844698,0.7226669192314148,0.9824208162317045,0.8503820887518434,0.9116452876289031,0.9123295722383489,0.9250253219135925,172.96737630001735,13.682127100008074,"rows=1749494|features=60|sample=None|mode=stratified_random|seed=42|params={""colsample_bytree"": 0.8, ""learning_rate"": 0.03, ""max_depth"": 12, ""min_child_weight"": 1, ""n_estimators"": 1000, ""pos_weight_mode"": ""sqrt"", ""subsample"": 1.0}","{'subsample': 1.0, 'pos_weight_mode': 'sqrt', 'n_estimators': 1000, 'min_child_weight': 1, 'max_depth': 12, 'learning_rate': 0.03, 'colsample_bytree': 0.8}"
split_80_20,random_forest,True,0.8,1399595,349899,0.021318309939661117,0.02131758021600519,0.5,0.9963703811671368,0.925490771503148,0.9751266697374482,0.8514546185815793,0.9995269244247167,0.9091039221299743,0.8736141296871991,0.9094333097219695,0.9072608015834378,0.0004730755752832613,0.1485453814184207,342278,162,1108,6351,0.9973024317775392,0.9681374078263324,0.01323592024408592,0.552614194433027,0.9807449494949495,0.8330875452473522,0.9009061254077564,0.9020417688497983,0.9163656392280448,628.0519600000116,7.190874700027052,rows=1749494|features=60|sample=None|mode=stratified_random|seed=42|params={},{}
split_80_20,isolation_forest,False,0.8,1399595,349899,0.021318309939661117,0.02131758021600519,0.5962195240909186,0.9772105664777551,0.722065112941754,0.464779099986322,0.4555570451803191,0.9885731807031889,0.46012186865267435,0.4573720623468921,0.4485061609670406,0.4484826625232491,0.01142681929681112,0.544442954819681,338527,3913,4061,3398,0.792395452184123,0.4816055636425204,,0.6746988844016467,0.9098286744815148,0.4058184743263172,0.5612831448173559,0.6027020554624245,0.7024712042230815,26.37660259997938,12.071238300006371,"rows=1749494|features=60|sample=None|mode=stratified_random|seed=42|params={""feature_set"": ""contextual"", ""max_features"": 1.0, ""max_samples"": 1024, ""n_estimators"": 300}","{'n_estimators': 300, 'max_samples': 1024, 'max_features': 1.0, 'feature_set': 'contextual'}"
split_80_20,decision_tree,True,0.8,1399595,349899,0.021318309939661117,0.02131758021600519,0.5,0.9948813800553874,0.9360086110812307,0.8841149362970995,0.8745140099209009,0.9975032122415606,0.8792882658219316,0.8764174772934917,0.876687234724171,0.8766735980314856,0.002496787758439435,0.12548599007909908,341585,855,936,6523,0.9366687128431517,0.7771814873832702,0.08203424704798717,0.5,0.8841149362970995,0.8745140099209009,0.8792882658219316,0.876687234724171,0.9360086110812307,58.39640920003876,0.08678449998842552,"rows=1749494|features=60|sample=None|mode=stratified_random|seed=42|params={""class_weight"": null, ""criterion"": ""entropy"", ""max_depth"": 30, ""min_samples_leaf"": 1}","{'min_samples_leaf': 1, 'max_depth': 30, 'criterion': 'entropy', 'class_weight': None}"
split_80_20,xgboost,True,0.8,1399595,349899,0.021318309939661117,0.02131758021600519,0.5,0.9971191686743889,0.948823871866198,0.9640339519493598,0.8983777986325244,0.9992699450998715,0.9300485773768217,0.9107837007638568,0.9291818326149281,0.9285797437265747,0.0007300549001284897,0.10162220136747553,342190,250,758,6701,0.9973153826911181,0.9699984870502357,0.01003314834088087,0.7055281400680542,0.9836189898377067,0.8694194932296555,0.9230002846569884,0.9232559528204851,0.9345520547564,216.40087380004115,7.090441299951635,"rows=1749494|features=60|sample=None|mode=stratified_random|seed=42|params={""colsample_bytree"": 0.8, ""learning_rate"": 0.03, ""max_depth"": 12, ""min_child_weight"": 1, ""n_estimators"": 1000, ""pos_weight_mode"": ""sqrt"", ""subsample"": 1.0}","{'subsample': 1.0, 'pos_weight_mode': 'sqrt', 'n_estimators': 1000, 'min_child_weight': 1, 'max_depth': 12, 'learning_rate': 0.03, 'colsample_bytree': 0.8}"
