split,model,rank_precision,rank_recall,rank_f1,rank_pr_auc,rank_roc_auc,rank_mcc,rank_balanced_accuracy,mean_rank
split_30_70,random_forest,1.0,3.0,2.0,2.0,2.0,2.0,3.0,2.142857142857143
split_30_70,isolation_forest,4.0,4.0,4.0,4.0,4.0,4.0,4.0,4.0
split_30_70,decision_tree,3.0,2.0,3.0,3.0,3.0,3.0,2.0,2.7142857142857144
split_30_70,xgboost,2.0,1.0,1.0,1.0,1.0,1.0,1.0,1.1428571428571428
split_40_60,random_forest,1.0,2.0,2.0,2.0,1.0,2.0,2.0,1.7142857142857142
split_40_60,isolation_forest,4.0,4.0,4.0,4.0,4.0,4.0,4.0,4.0
split_40_60,decision_tree,2.0,3.0,3.0,3.0,3.0,3.0,3.0,2.857142857142857
split_40_60,xgboost,3.0,1.0,1.0,1.0,2.0,1.0,1.0,1.4285714285714286
split_50_50,random_forest,1.0,2.0,2.0,2.0,1.0,2.0,2.0,1.7142857142857142
split_50_50,isolation_forest,4.0,4.0,4.0,4.0,4.0,4.0,4.0,4.0
split_50_50,decision_tree,2.0,3.0,3.0,3.0,3.0,3.0,3.0,2.857142857142857
split_50_50,xgboost,3.0,1.0,1.0,1.0,2.0,1.0,1.0,1.4285714285714286
split_60_40,random_forest,1.0,2.0,2.0,2.0,1.0,2.0,2.0,1.7142857142857142
split_60_40,isolation_forest,4.0,4.0,4.0,4.0,4.0,4.0,4.0,4.0
split_60_40,decision_tree,3.0,3.0,3.0,3.0,3.0,3.0,3.0,3.0
split_60_40,xgboost,2.0,1.0,1.0,1.0,2.0,1.0,1.0,1.2857142857142858
split_80_20,random_forest,1.0,2.0,2.0,2.0,2.0,2.0,2.0,1.8571428571428572
split_80_20,isolation_forest,4.0,4.0,4.0,4.0,4.0,4.0,4.0,4.0
split_80_20,decision_tree,3.0,3.0,3.0,3.0,3.0,3.0,3.0,3.0
split_80_20,xgboost,2.0,1.0,1.0,1.0,1.0,1.0,1.0,1.1428571428571428
