split,model,precision,recall,f1,mcc,threshold_tuned,precision_tuned,recall_tuned,f1_tuned,mcc_tuned,balanced_accuracy_tuned
split_30_70,random_forest,0.9879732061301126,0.7457386907725897,0.8499334250103683,0.8558430385000493,0.5466666666666666,0.9910700297665674,0.7269314743172329,0.8386954216015556,0.8461681604385729,0.8633944003059983
split_30_70,isolation_forest,0.46242028248366523,0.45271383153943384,0.4575155808462045,0.44585320002265333,0.6775244285615227,0.906225848003435,0.40422109012908414,0.5590697181606272,0.6002652656955991,0.7016549904267706
split_30_70,decision_tree,0.8359635385294945,0.7974106561458613,0.8162321113507155,0.8125618072869562,0.5,0.8359635385294945,0.7974106561458613,0.8162321113507155,0.8125618072869562,0.8970011699270547
split_30_70,xgboost,0.9684491978609626,0.8324204236411691,0.8952973407213628,0.8958558268295849,0.8560145497322083,0.9907667999802499,0.7686061209637262,0.8656600517687661,0.8703450170180252,0.8842250488360176
split_40_60,random_forest,0.9759951881014873,0.7976137277683439,0.8778340628534894,0.8800849859837838,0.5645483580984756,0.9837338051481079,0.7702207525248012,0.8639815534223916,0.8680919593370029,0.8849716656963544
split_40_60,isolation_forest,0.4585488731950879,0.45553668781839307,0.45703781748077743,0.4452528639239341,0.6696923212096538,0.8817061611374407,0.4156761104656359,0.5649902818270165,0.6001814297211593,0.7072306489646578
split_40_60,decision_tree,0.9707463520212246,0.6213245151488068,0.7576905261437018,0.7730916496818445,0.4,0.9533720773077443,0.6304406113146841,0.7589842909403917,0.7716032553767205,0.8148844800763881
split_40_60,xgboost,0.9653991437924956,0.8565555456251676,0.9077261856841806,0.9075266461295344,0.7788558006286621,0.9859559700683224,0.8125391009026722,0.8908868201861833,0.8930705104292902,0.9061434941825433
split_50_50,random_forest,0.973598622536828,0.8186936936936937,0.8894520667657083,0.8907233163281604,0.5676838522679519,0.982444473999202,0.7922565422565423,0.8771596508935463,0.8800434320591207,0.8959740833532591
split_50_50,isolation_forest,0.46250948098385525,0.4577970827970828,0.46014121705384575,0.4484493836521425,0.6792768438942449,0.9225560206845604,0.4018125268125268,0.5598057527082555,0.6040315850216258,0.7005388993514052
split_50_50,decision_tree,0.9669001167250292,0.6218897468897469,0.7569349259186737,0.7718666814597278,0.4074074074074074,0.9540417209908736,0.6278421278421279,0.7573091849935317,0.7702677194442089,0.8135916627653565
split_50_50,xgboost,0.9642963226994594,0.8704418704418705,0.9149685747301373,0.9144602969881664,0.743610143661499,0.9836283185840708,0.8344594594594594,0.9029244516653128,0.9041583915790087,0.9170784621777293
split_60_40,random_forest,0.9752805461822177,0.8330875452473522,0.8985936878637794,0.8994598000330931,0.5583414046276722,0.9823353050806256,0.8126424453680118,0.8894676987417,0.891443778292915,0.9061620707157778
split_60_40,isolation_forest,0.46072940855074446,0.4522053894623944,0.4564276048714479,0.4447207213580396,0.6765032941037371,0.9207646061353476,0.40038879206327926,0.558093903293623,0.6023426942932966,0.6998191478129736
split_60_40,decision_tree,0.9481959282402741,0.630647539884703,0.7574879227053141,0.7695679698957315,0.39037433155080214,0.9327565867086118,0.6360101890333825,0.756317257871662,0.7663622906986325,0.8175057369650034
split_60_40,xgboost,0.9632104567484212,0.8792733610403539,0.9193299691617606,0.9186483578153208,0.7226669192314148,0.9824208162317045,0.8503820887518434,0.9116452876289031,0.9123295722383489,0.9250253219135925
split_80_20,random_forest,0.9751266697374482,0.8514546185815793,0.9091039221299743,0.9094333097219695,0.552614194433027,0.9807449494949495,0.8330875452473522,0.9009061254077564,0.9020417688497983,0.9163656392280448
split_80_20,isolation_forest,0.464779099986322,0.4555570451803191,0.46012186865267435,0.4485061609670406,0.6746988844016467,0.9098286744815148,0.4058184743263172,0.5612831448173559,0.6027020554624245,0.7024712042230815
split_80_20,decision_tree,0.9485990727675871,0.630915672342137,0.7578099838969404,0.7699026924794667,0.4074074074074074,0.9480780841215536,0.6315860034857219,0.7581268104280656,0.7700992221236385,0.8154162934143947
split_80_20,xgboost,0.9640339519493598,0.8983777986325244,0.9300485773768217,0.9291818326149281,0.7055281400680542,0.9836189898377067,0.8694194932296555,0.9230002846569884,0.9232559528204851,0.9345520547564
