split,model,f1_untuned,pr_auc_untuned,mcc_untuned,f1_tuned,pr_auc_tuned,mcc_tuned,f1_change,pr_auc_change,mcc_change
split_30_70,random_forest,0.856804182630231,0.9321365754773152,0.8589757988428567,0.8499334250103683,0.9385147019185562,0.8558430385000493,-0.006870757619862666,0.006378126441241028,-0.003132760342807406
split_30_70,isolation_forest,0.0304947220673345,0.0249077023562026,0.0094617377759022,0.4575155808462045,0.4790221471183588,0.44585320002265333,0.42702085877886997,0.4541144447621562,0.4363914622467511
split_30_70,decision_tree,0.7334038614123248,0.7926499505935722,0.7340426220609007,0.8162321113507155,0.7039658171225551,0.8125618072869562,0.08282824993839066,-0.08868413347101711,0.0785191852260555
split_30_70,xgboost,0.8402347746486457,0.9245185998355984,0.8382636116021741,0.8952973407213628,0.9388671075992229,0.8958558268295849,0.05506256607271709,0.014348507763624507,0.05759221522741076
split_40_60,random_forest,0.8764816875514055,0.9461972122359764,0.8771427462535938,0.8778340628534894,0.9478389647913142,0.8800849859837838,0.0013523753020838747,0.0016417525553378276,0.0029422397301900327
split_40_60,isolation_forest,0.0307492904869382,0.025116847915168,0.0096395617198927,0.45703781748077743,0.4810998953443714,0.4452528639239341,0.42628852699383923,0.4559830474292034,0.4356133022040414
split_40_60,decision_tree,0.7596579989802722,0.8137871083668152,0.7597568064727109,0.7576905261437018,0.7217808302337783,0.7730916496818445,-0.001967472836570394,-0.09200627813303697,0.013334843209133584
split_40_60,xgboost,0.8400392541707556,0.9364289724470524,0.8394332271997188,0.9077261856841806,0.9490967108727115,0.9075266461295344,0.06768693151342497,0.012667738425659159,0.06809341892981557
split_50_50,random_forest,0.889468106435998,0.9541768032423948,0.889387287918988,0.8894520667657083,0.9547177065563845,0.8907233163281604,-1.6039670289735852e-05,0.0005409033139897046,0.0013360284091723518
split_50_50,isolation_forest,0.027632282202031,0.0246496053366661,0.006379971206052,0.46014121705384575,0.48183595947971725,0.4484493836521425,0.43250893485181474,0.45718635414305114,0.4420694124460905
split_50_50,decision_tree,0.7799099739398246,0.8373893982535877,0.7801113826683567,0.7569349259186737,0.7184483537768117,0.7718666814597278,-0.022975048021150912,-0.118941044476776,-0.008244701208628857
split_50_50,xgboost,0.8393539339426471,0.944049995360004,0.8397603417638488,0.9149685747301373,0.9560223900018503,0.9144602969881664,0.07561464078749014,0.011972394641846296,0.0746999552243176
split_60_40,random_forest,0.9001811015233834,0.9604855025301096,0.8997978019517962,0.8985936878637794,0.9597814265848171,0.8994598000330931,-0.00158741365960402,-0.0007040759452924261,-0.00033800191870303475
split_60_40,isolation_forest,0.030797040806079,0.0245634775296919,0.0096592311762597,0.4564276048714479,0.4780472880988013,0.4447207213580396,0.4256305640653689,0.4534838105691094,0.43506149018177986
split_60_40,decision_tree,0.7981863495781161,0.8488963790147432,0.7978692732812867,0.7574879227053141,0.7254222070867844,0.7695679698957315,-0.04069842687280201,-0.12347417192795884,-0.028301303385555143
split_60_40,xgboost,0.8304953560371517,0.9465502445378664,0.831853832840491,0.9193299691617606,0.9611798903725807,0.9186483578153208,0.08883461312460883,0.014629645834714267,0.08679452497482987
split_80_20,random_forest,0.9099873221580504,0.9701334548859732,0.9093470286700106,0.9091039221299743,0.9681374078263324,0.9094333097219695,-0.0008834000280761867,-0.0019960470596408486,8.62810519588475e-05
split_80_20,isolation_forest,0.0294039382650345,0.0248706169844841,0.0080988853235488,0.46012186865267435,0.4816055636425204,0.4485061609670406,0.43071793038763984,0.45673494665803627,0.4404072756434918
split_80_20,decision_tree,0.8250484966052376,0.8764324017625339,0.8248305739609965,0.7578099838969404,0.7245301836729902,0.7699026924794667,-0.06723851270829717,-0.15190221808954374,-0.05492788148152972
split_80_20,xgboost,0.8295374501056586,0.9538519414125464,0.8321298126851214,0.9300485773768217,0.9699984870502357,0.9291818326149281,0.10051112727116307,0.016146545637689358,0.09705201992980672
